scorer,,,AW,AW,AW,AW,AW,AW,AW,AW,AW,AW,AW,AW,AW,AW,AW,AW,AW,AW,AW,AW,AW,AW,AW,AW,AW,AW,AW,AW,AW,AW,AW,AW
bodyparts,,,vallecula,vallecula,tongueRoot1,tongueRoot1,tongueRoot2,tongueRoot2,tongueBody1,tongueBody1,tongueBody2,tongueBody2,tongueDorsum1,tongueDorsum1,tongueDorsum2,tongueDorsum2,tongueBlade1,tongueBlade1,tongueBlade2,tongueBlade2,tongueTip1,tongueTip1,tongueTip2,tongueTip2,hyoid,hyoid,mandible,mandible,shortTendon,shortTendon,thyroid1,thyroid1,thyroid2,thyroid2
coords,,,x,y,x,y,x,y,x,y,x,y,x,y,x,y,x,y,x,y,x,y,x,y,x,y,x,y,x,y,x,y,x,y
labeled-data,P38_100ml,img0609.png,156.25740679240005,73.26483543374525,147.86741186135538,56.90434531820807,153.74040831308668,38.44635646990963,168.0033996958627,23.76386534058136,187.30038803726558,17.471369142297817,207.43637587177295,24.602864833685828,217.92386953557883,36.7683574837007,225.0553652269669,48.93385013371554,230.50886193214592,55.64584607855133,238.05985737008626,62.35784202338712,246.8693520476832,68.65033822167064,172.61789690793734,87.5278268165213,202.8218786596983,120.66830679414801,199.88538043383267,102.21031794584957,130.24842250616138,110.6003128768943,,
labeled-data,P38_100ml,img0670.png,150.80391008722103,65.71383999580499,135.28241946478823,53.54834734579015,130.66792225271365,33.83185925783505,138.63841743720616,17.051869395745598,158.35490552516126,9.500873957805311,177.23239412001192,6.144875985387387,196.94888220796702,9.920373704357587,202.8218786596983,19.14936812850675,209.1143748579819,30.056361538864905,217.5043697890266,38.86585621646188,222.1188670011012,49.772849626820005,160.4524042579224,84.17182884410343,202.40237891314604,122.34630578035694,200.30488018038494,105.56631591826746,123.5364265613256,111.85881211655101,,
labeled-data,P38_100ml,img0709.png,143.67241439583296,72.84533568719303,135.28241946478823,52.70934785268568,139.89691667686287,33.4123595112828,151.64290958032547,21.24686686126796,170.93989792172835,14.954370662984388,191.49538550278794,16.212869902641103,205.33887713901174,26.70036356644701,209.5338746045341,36.34885773714848,211.21187359074304,45.99735190784989,216.66537029592212,55.22634633199911,222.53836674765347,64.03584100959606,156.67690653895227,86.68882732341683,202.8218786596983,124.86330425967034,201.5633794200416,105.98581566481971,121.43892782856442,111.43931236999876,,
