scorer,,,AW,AW,AW,AW,AW,AW,AW,AW,AW,AW,AW,AW,AW,AW,AW,AW,AW,AW,AW,AW,AW,AW,AW,AW,AW,AW,AW,AW,AW,AW,AW,AW
bodyparts,,,vallecula,vallecula,tongueRoot1,tongueRoot1,tongueRoot2,tongueRoot2,tongueBody1,tongueBody1,tongueBody2,tongueBody2,tongueDorsum1,tongueDorsum1,tongueDorsum2,tongueDorsum2,tongueBlade1,tongueBlade1,tongueBlade2,tongueBlade2,tongueTip1,tongueTip1,tongueTip2,tongueTip2,hyoid,hyoid,mandible,mandible,shortTendon,shortTendon,thyroid1,thyroid1,thyroid2,thyroid2
coords,,,x,y,x,y,x,y,x,y,x,y,x,y,x,y,x,y,x,y,x,y,x,y,x,y,x,y,x,y,x,y,x,y
labeled-data,P3_100ml,img0137.png,,,,,,,,,,,,,,,,,,,,,,,168.84239918896714,81.2353306182377,218.76286902868333,129.0583017251927,216.66537029592212,113.11731135620772,113.04893289751972,120.24880704759573,,
labeled-data,P3_100ml,img0213.png,,,,,,,,,,,,,,,,,,,,,,,163.38890248378812,84.1718288441034,217.92386953557883,131.1558004579539,217.5043697890266,112.27831186310326,122.27792732166891,115.2148100889689,,
labeled-data,P3_100ml,img0318.png,,,,,,,,,,,,,,,,,,,,,,,168.0033996958627,79.55733163202879,218.76286902868333,127.79980248553599,217.50436978902655,113.95631084931222,127.73142402684799,105.98581566481971,,
labeled-data,P3_100ml,img0325.png,,,,,,,,,,,,,,,,,,,,,,,167.58389994931053,79.13783188547654,220.44086801489226,131.99479995105835,219.18236877523555,116.05380958207337,129.409423013057,101.79081819929735,,
labeled-data,P3_100ml,img0332.png,,,,,,,,,,,,,,,,,,,,,,,165.4864012165492,72.84533568719306,221.27986750799676,132.4142996976106,217.92386953557883,116.05380958207337,132.34592123892259,100.11281921308841,,
